MSE CUDA,Epoch,MSE MPI
55.505806,0,18.30768784
54.728683,1,18.0520729
55.416218,2,18.33478845
54.711704,3,18.76019747
55.347061,4,18.05496946
54.830425,5,18.18692587
54.865459,6,17.18621077
54.829006,7,17.27513003
54.883759,8,17.17256675
54.781342,9,17.23357508
55.10537,10,17.70411553
55.094231,11,17.62490438
54.888733,12,17.60865717
55.020145,13,17.61065508
33.582748,14,17.55149903
35.484093,15,17.87126904
29.827118,16,17.63013645
24.578468,17,18.3623379
22.998934,18,17.93108106
23.317356,19,17.74157045
23.392315,20,17.1303538
23.069632,21,17.87832753
23.211065,22,17.56416003
23.266533,23,17.56816202
23.133696,24,17.94990708
30.475395,25,17.3120158
33.733482,26,16.38935386
26.485556,27,16.88632932
24.631264,28,16.64049996
24.969788,29,16.20797761
25.773703,30,16.61166101
24.135151,31,16.15549745
25.339584,32,16.64209155
24.987019,33,12.43922774
25.520008,34,12.1201468
32.322472,35,12.73031263
34.137833,36,12.65488561
36.749466,37,12.70145718
32.072426,38,12.62642443
30.395617,39,13.22544578
28.675217,40,12.70074204
31.804848,41,12.02295384
28.999968,42,12.77115325
26.617868,43,12.97759224
26.832113,44,12.60737737
26.270985,45,12.18446868
26.533564,46,12.2544645
27.270132,47,12.64172833
27.270132,48,12.71466854
27.112499,49,12.92594737
27.639231,50,12.28852335
26.03919,51,12.50067391
26.104977,52,12.55312373
26.027946,53,12.77921456
26.292561,54,12.64955086
23.724485,55,12.42203861
25.502934,56,12.80447881
27.84693,57,12.06569779
23.262589,58,12.94541674
23.328033,59,12.83774376
23.377733,60,12.1295472
23.26272,61,12.02136591
23.612158,62,12.17882906
23.277164,63,12.42462768
23.388832,64,12.47981709
23.16559,65,12.78908065
23.395464,66,12.64235114
23.671255,67,12.85504294
23.599781,68,12.21830844
25.372049,69,12.24368978
24.876257,70,12.4518742
25.172014,71,11.33561603
25.21763,72,11.99368826
24.93339,73,11.04520242
25.131647,74,11.59977456
24.9681,75,11.94843006
25.023836,76,11.16347047
25.186342,77,11.1584424
24.963728,78,11.27544225
24.868555,79,11.71639339
25.173634,80,11.21962356
25.013954,81,11.81778497
25.215828,82,11.96693729
24.975288,83,11.12217637
25.039135,84,11.00646107
25.268456,85,11.91051365
24.864653,86,11.14583263
25.190929,87,11.90216436
25.122759,88,11.85862196
25.107576,89,11.94453045
25.075891,90,11.54596586
25.395428,91,11.51075671
24.999372,92,11.20326763
25.157646,93,11.70335036
25.220303,94,11.65620139
25.533072,95,11.75074843
25.240847,96,11.49398107
25.032137,97,11.25772081
25.387663,98,11.88368722
24.789757,99,11.70958358
25.15328,100,11.79588767
25.217661,101,11.73724898
28.411034,102,11.29983955
26.372225,103,11.46697003
26.207317,104,11.78401172
24.170118,105,11.65562465
24.937197,106,11.43763
25.043436,107,11.18609215
24.728537,108,11.3340492
24.902748,109,11.23798344
25.084192,110,11.0123981
24.844297,111,11.06391919
29.84729,112,11.18234975
29.972214,113,11.49543017
22.056553,114,11.08040242
22.465401,115,11.55917713
22.234795,116,11.91859199
26.244801,117,11.630378
19.830322,118,11.73055552
20.826719,119,11.38985296
19.194357,120,11.46546346
18.485889,121,11.67670491
15.904538,122,11.82450529
17.622553,123,11.6005543
17.536564,124,11.57826915
18.923716,125,11.74366922
14.299048,126,11.7677544
14.183036,127,11.43936258
15.984367,128,11.93803023
23.600929,129,11.46675874
25.232872,130,11.19746348
25.040798,131,11.6977625
22.437916,132,11.5615583
11.166902,133,11.45520694
14.505573,134,11.36256037
20.159431,135,11.87973078
19.419897,136,11.77213582
14.817836,137,11.02931204
12.165884,138,11.75739134
12.190348,139,11.3579454
12.014478,140,11.46629892
11.892279,141,12.33315997
12.20774,142,11.36512522
11.834393,143,11.58767948
12.03165,144,11.87183884
12.074512,145,11.34252344
11.936047,146,11.79663147
12.123014,147,11.87756862
12.208519,148,11.92955516
12.126457,149,11.63702072
12.186926,150,11.50698546
12.088634,151,11.17447739
12.029723,152,11.19280909
12.140182,153,12.15738214
12.048015,154,11.52773832
12.19272,155,11.65332568
12.026378,156,11.98576302
11.889145,157,11.69747749
12.075664,158,11.46670618
12.084754,159,11.511376
11.942035,160,11.39138467
12.083274,161,11.38067335
12.029703,162,11.47241669
12.105213,163,11.91419575
12.0704,164,11.12208167
11.980833,165,11.1015192
12.127059,166,11.45558382
11.987397,167,11.55983273
11.963393,168,11.80569386
12.041323,169,11.81767345
12.019069,170,11.39133217
11.957845,171,11.52859477
15.097338,172,11.87134195
13.130979,173,11.11732964
13.917685,174,11.65528563
21.763105,175,11.96849569
15.398764,176,11.85375165
14.324554,177,11.05946526
11.717024,178,11.90089971
11.141697,179,11.93978914
20.771135,180,11.36803988
18.486517,181,11.86537567
47.940357,182,11.97762824
27.04549,183,11.49392768
12.383625,184,11.26756345
9.348645,185,11.56487948
10.926338,186,11.82305946
6.991451,187,11.4498175
8.669812,188,11.56668624
8.147429,189,11.0940017
6.09914,190,11.16656496
6.076241,191,11.40505304
6.085217,192,11.44853435
6.117112,193,11.34049979
6.067753,194,11.56268428
6.031835,195,11.62997157
6.106037,196,11.1239394
6.02817,197,11.98237564
6.164064,198,11.88765192
6.034122,199,11.34917901
6.074353,200,11.33028947
6.047799,201,11.48387703
6.036341,202,11.1320515
6.08421,203,11.09979661
6.090306,204,11.18987892
6.030623,205,11.87533308
6.089556,206,11.09842311
6.034765,207,11.3804942
33.513229,208,11.52096745
29.309238,209,11.38220107
13.010798,210,11.96455342
5.067531,211,11.50265538
4.98356,212,11.57770332
4.528839,213,11.33353918
17.369272,214,11.17974687
13.363853,215,11.7010541
6.285675,216,11.8749172
8.695415,217,11.20346072
5.09589,218,11.44085356
5.048076,219,11.0775714
5.120471,220,11.02529372
5.08063,221,11.7871064
5.087865,222,11.76359492
6.991803,223,11.53285942
6.534835,224,11.73132659
3.566972,225,11.52944146
3.578575,226,11.8856791
3.561007,227,11.37202672
3.528862,228,11.19424041
3.535357,229,11.26765369
3.551376,230,11.99323917
3.55774,231,11.27056294
3.498326,232,11.62268662
3.54306,233,11.24258291
3.590546,234,11.48719911
3.541956,235,11.91084822
3.555238,236,11.97656802
3.595418,237,11.52215102
3.557413,238,11.94030539
3.547681,239,11.59287896
3.546824,240,11.49035757
3.537192,241,11.05392328
3.521413,242,11.26051955
3.551847,243,11.52640605
3.513627,244,11.93780232
3.570211,245,11.00760956
3.541636,246,11.3467633
3.568264,247,11.03649965
3.508577,248,11.54740822
3.548192,249,11.8870233
3.535692,250,11.98437864
3.562808,251,11.91079627
3.535168,252,11.73681417
3.555264,253,11.37689891
3.494957,254,11.25199145
3.524655,255,11.10618215
3.525784,256,11.15976019
3.557405,257,11.77612572
3.573056,258,11.02125499
3.579996,259,11.71918932
3.570363,260,11.25389686
3.487475,261,11.67431207
3.543613,262,11.36704652
3.500243,263,11.58489659
3.575104,264,11.85341109
3.541329,265,11.33545797
3.549454,266,11.94687379
3.543964,267,11.81995306
3.537954,268,11.97587362
3.579711,269,11.58851424
3.518739,270,11.49960267
3.537165,271,11.49815099
3.605985,272,11.52748391
3.512059,273,11.96975021
3.55432,274,11.92334051
3.504027,275,11.19349264
3.54945,276,11.71219765
3.532017,277,11.57412015
3.513702,278,11.55340481
3.560946,279,11.02305768
3.569663,280,11.75768296
3.546157,281,11.92469797
3.524662,282,11.81584808
3.512264,283,11.80424409
3.542708,284,11.90009157
3.528708,285,11.48633585
3.549768,286,11.98503622
3.525644,287,11.0918445
3.617574,288,11.8984508
3.516542,289,11.70124335
3.541172,290,11.76532006
3.576989,291,11.03995509
3.526622,292,11.07190266
3.584133,293,11.8581554
3.533736,294,11.3141572
3.528254,295,11.81300004
3.498008,296,11.02986957
3.583597,297,11.86523277
3.535655,298,11.28054022
3.529881,299,11.45402419
3.526778,300,11.45157768
3.562193,301,11.63513327
3.535809,302,11.55872154
3.513785,303,11.43282165
3.508637,304,11.90048642
3.519225,305,11.78437918
3.517287,306,11.19461813
3.560873,307,11.05913407
3.518026,308,11.76071105
3.572444,309,11.48971312
3.557528,310,11.40561548
3.543835,311,11.48587522
3.565497,312,11.88016301
3.537446,313,11.86995564
3.611838,314,11.72635013
3.580329,315,11.30767992
3.551168,316,11.70055402
3.528366,317,11.2606269
3.567655,318,11.15893788
3.523609,319,11.35523355
3.565958,320,11.59764855
3.510727,321,11.5186769
3.546787,322,11.18842665
3.518398,323,11.48883308
3.554168,324,11.97012471
3.554979,325,11.12705259
3.547866,326,11.4204318
3.561442,327,11.91894213
3.573671,328,11.31918215
3.578139,329,11.56476601
3.578413,330,11.7302309
3.565219,331,10.43593412
3.579873,332,10.88863081
3.528733,333,10.10559478
3.534611,334,10.19336268
3.530365,335,10.25500023
3.582773,336,10.46136446
3.535046,337,10.04161171
3.500083,338,10.45311864
3.539094,339,10.84639681
3.544945,340,10.90982554
3.523145,341,10.89338799
3.546976,342,10.98564927
3.589599,343,10.34512614
3.574034,344,10.58081025
3.504009,345,10.09416902
3.512337,346,10.56497719
3.524216,347,10.61197478
3.547812,348,10.67678057
3.550169,349,10.55576043
3.503284,350,10.99252576
3.542713,351,10.58639844
3.547752,352,10.57997912
3.508554,353,10.97103655
3.521678,354,10.14486686
3.526111,355,10.73503971
3.552745,356,10.02013264
3.547047,357,10.86404014
3.566601,358,10.76655009
3.512305,359,10.28634849
3.582628,360,10.1768919
3.525648,361,10.72020828
3.561227,362,10.05457244
3.517247,363,10.13171618
3.551521,364,10.66599671
3.534988,365,10.66867901
3.542223,366,10.34991658
3.490967,367,10.39717222
3.527119,368,10.50180372
3.566119,369,10.30767626
3.533929,370,10.75783713
3.542999,371,10.53188227
3.565229,372,10.84638409
3.551746,373,10.24020316
3.52905,374,10.85595137
3.493845,375,10.71566892
3.568937,376,10.20176059
3.560946,377,10.39672225
3.529085,378,10.48464035
3.530476,379,10.05938108
3.563037,380,10.34783253
3.523378,381,10.85794274
3.516973,382,10.00408582
3.518906,383,10.05343837
3.532966,384,10.14220012
3.498619,385,10.35598327
3.527433,386,10.90433497
3.529502,387,10.23868845
3.520599,388,10.97325811
3.583764,389,10.51877505
3.48969,390,10.63612886
3.537905,391,10.97347271
3.531232,392,10.81252883
3.556041,393,10.34583374
3.530978,394,10.64498777
3.553537,395,10.88236504
3.53274,396,10.17768912
3.557089,397,10.0807819
3.549117,398,10.51908527
3.529151,399,10.8199515
3.592224,400,10.51992296
3.539813,401,10.04392995
3.541851,402,10.34079003
3.546808,403,10.59721395
3.531777,404,10.40971204
3.525195,405,10.02221451
3.520529,406,10.43043966
3.512867,407,10.92599237
3.545917,408,10.13320897
3.545831,409,10.23738576
3.534612,410,10.1623634
3.519965,411,10.32740562
3.550199,412,10.90625266
3.624646,413,10.54468944
3.574407,414,10.00356136
3.551509,415,10.2356496
3.524151,416,10.95363567
3.562129,417,10.4307
3.534187,418,10.94894938
3.52898,419,10.38410164
3.551809,420,10.0639208
3.561965,421,10.33291271
3.54435,422,10.26858478
3.578846,423,10.24976031
3.578492,424,10.05285246
3.551669,425,10.94018232
3.509536,426,10.99364792
3.577162,427,10.90143054
3.551848,428,10.66723814
3.525947,429,10.38188872
3.530334,430,10.15502536
3.528938,431,10.39624747
3.478691,432,10.48122241
3.565964,433,10.34261475
3.530165,434,10.56413159
3.517367,435,10.07697824
3.49539,436,10.82784376
3.503484,437,10.54290784
3.50939,438,10.35338275
3.507828,439,10.56370595
3.503669,440,10.49120401
3.490121,441,10.62171288
3.536034,442,10.04662256
3.500204,443,10.04118196
3.519915,444,10.17294638
3.511339,445,10.95049159
3.476585,446,10.25023761
3.497264,447,10.43602118
3.507133,448,10.18556857
3.510775,449,10.40600638
3.519636,450,10.34142608
3.483502,451,10.25632856
3.511046,452,9.497789904
3.502749,453,10.19713277
3.48639,454,10.40822153
3.49511,455,10.40493706
3.508729,456,10.47150243
3.496793,457,9.910429391
3.462076,458,10.44002787
3.503437,459,10.00252897
3.510265,460,10.536282
3.526502,461,10.43524769
3.500817,462,10.03900896
3.484064,463,10.95568388
3.496078,464,10.77741549
3.479164,465,10.93370341
3.514217,466,10.10059094
3.518921,467,10.79298571
3.494112,468,10.42036029
3.508591,469,10.37596834
3.520788,470,10.90835575
3.518818,471,10.43710194
3.522203,472,10.10288703
3.506566,473,10.84756898
3.500956,474,10.80997208
3.483653,475,10.78397833
3.468246,476,10.22588655
3.483091,477,10.55552496
3.539961,478,10.9273644
3.489169,479,10.14355191
3.529261,480,10.85528638
3.477444,481,10.28867618
3.611153,482,10.1886401
3.502341,483,10.49843827
3.510097,484,10.37603244
3.52105,485,10.93854919
3.532138,486,10.89862238
3.541439,487,10.51026236
3.490715,488,10.40897921
3.495801,489,9.146469677
3.494019,490,9.477467431
3.506494,491,10.91800693
3.511186,492,10.79349002
3.465075,493,10.15191707
3.506702,494,10.71716676
3.524617,495,10.15904566
3.507736,496,10.4637991
3.536831,497,10.53008069
3.499331,498,10.55382011
3.510454,499,10.89758002
3.501627,500,10.48906773
3.523821,501,10.16199276
3.509927,502,10.47146198
3.476632,503,10.60929852
3.499692,504,10.12649354
3.480912,505,10.09864139
3.534608,506,10.60236712
3.500624,507,10.18788185
3.514309,508,9.406481771
3.490828,509,9.752931372
3.504478,510,10.07539154
3.513846,511,10.95490305
3.493168,512,10.66319379
3.512448,513,10.56848025
3.526019,514,10.7185472
3.519926,515,10.4020466
3.501105,516,10.78840903
3.538855,517,10.97011169
3.508619,518,10.87449853
3.526959,519,10.28238561
3.500461,520,10.37637164
3.517658,521,10.37413579
3.509296,522,10.53963961
3.510763,523,10.71754237
3.515187,524,10.73916781
3.529979,525,10.25676405
3.49316,526,10.0280616
3.506609,527,10.26061954
3.514446,528,10.45744084
3.558937,529,10.25011906
3.536707,530,10.01289417
3.5133,531,10.61763572
3.508327,532,10.35421611
3.495415,533,10.71336667
3.490559,534,10.15775546
3.568143,535,10.06955364
3.491451,536,10.53878017
3.489315,537,10.26804258
3.50207,538,10.28984634
3.49588,539,10.50564735
3.487583,540,10.90491294
3.517904,541,10.55758019
3.490145,542,10.6671978
3.526816,543,10.49438936
3.536776,544,10.79685746
3.486308,545,10.12831993
3.530511,546,10.85762928
3.508859,547,10.62018966
3.506347,548,10.08306272
3.504873,549,10.04541994
3.491353,550,10.59910933
3.506867,551,10.62354956
3.503716,552,10.61466803
3.521537,553,10.47699183
3.517585,554,10.37523878
3.513268,555,10.08825516
3.526626,556,10.31496756
3.524896,557,10.37687748
3.494202,558,10.51164908
3.498419,559,10.84935056
3.484827,560,10.79732932
3.525513,561,10.63696882
3.496979,562,10.92648821
3.478942,563,10.87313417
3.500793,564,9.285391018
3.47757,565,9.750715954
3.510356,566,9.824190137
3.486834,567,9.572935389
3.515669,568,9.348296581
3.513697,569,9.565569646
3.533922,570,9.257287347
3.502192,571,9.100650266
3.480105,572,9.147715705
3.51598,573,9.043036853
3.494475,574,9.093930105
3.507769,575,9.730721734
3.480592,576,9.698767559
3.533682,577,9.83474155
3.490126,578,9.518805908
3.475678,579,9.349842807
3.542499,580,9.181608913
3.502763,581,9.327659116
3.503663,582,9.310548896
3.497388,583,9.449215345
3.475552,584,9.21092143
3.498494,585,9.951030721
3.508517,586,9.833706009
3.500305,587,9.986626088
3.490253,588,9.424979916
3.482371,589,9.586595087
3.56434,590,9.59298024
3.521679,591,9.597639826
3.497733,592,9.03953527
3.528255,593,9.492292761
3.557121,594,9.244397927
3.495917,595,9.375944255
3.508183,596,9.544980916
3.524733,597,9.756737321
3.498599,598,9.091441924
3.477209,599,9.261323815
3.485245,600,9.437340592
3.521628,601,9.783778863
3.506121,602,9.540057459
3.506766,603,9.109899232
3.520758,604,9.962926033
3.507789,605,9.009488043
3.499906,606,9.284667989
3.505237,607,9.49997864
3.516691,608,9.45430021
3.523573,609,9.515916742
3.508152,610,9.611553181
3.527857,611,9.447623149
3.491077,612,9.906607037
3.500209,613,9.6996486
3.52765,614,9.8861925
3.539137,615,9.287265577
3.490294,616,9.599293032
3.486803,617,9.980853755
3.513705,618,9.299468084
3.517215,619,9.423928054
3.508262,620,9.463095687
3.509193,621,9.488126489
3.499093,622,9.797504378
3.515482,623,9.724756898
3.517141,624,9.100471827
3.513242,625,9.931914054
3.498024,626,9.609733121
3.48402,627,9.240000783
3.496853,628,9.37923792
3.513474,629,9.273337667
3.521502,630,9.828468012
3.492173,631,9.5718848
3.516279,632,9.123428752
3.498967,633,9.042407278
3.511185,634,9.597177043
3.500695,635,9.262272863
3.515981,636,9.42737556
3.504036,637,9.999946419
3.480383,638,9.294064027
3.50218,639,9.596285058
3.491043,640,9.882329492
3.503316,641,9.520158131
3.504724,642,9.445340637
3.505352,643,9.392811126
3.491679,644,9.857370125
3.53726,645,9.544745546
3.504823,646,9.992302054
3.508263,647,9.659913302
3.523972,648,9.021917174
3.49186,649,9.786832487
3.49223,650,9.687897472
3.489233,651,9.985036401
3.509789,652,9.670418075
3.515773,653,9.422262369
3.519561,654,9.103632722
3.510445,655,9.635309518
3.51536,656,9.125505713
3.507539,657,9.981574603
3.516066,658,9.909176822
3.481848,659,9.281371467
3.497953,660,9.722381979
3.519989,661,9.132399218
3.491783,662,9.829794232
3.520693,663,9.212490085
3.484248,664,9.325162322
3.544536,665,9.757823671
3.494446,666,9.349570017
3.483016,667,9.098724527
3.487846,668,9.493209821
3.502725,669,9.251200099
3.540384,670,9.23583593
3.501214,671,9.072791276
3.54037,672,9.306137842
3.496679,673,9.914329274
3.529654,674,9.326761435
3.547414,675,9.662503484
3.532519,676,9.769395967
3.50369,677,9.771389302
3.534075,678,9.364523662
3.511291,679,9.641627715
3.530841,680,9.942137596
3.496444,681,9.060900228
3.491213,682,9.199005779
3.512932,683,9.576210773
3.489216,684,9.497407812
3.509087,685,9.723094934
3.539206,686,9.910072029
3.510715,687,9.410956957
3.502741,688,9.632779829
3.513744,689,9.465082885
3.493695,690,9.849190421
3.489176,691,9.541475348
3.503431,692,9.267560195
3.536413,693,9.944320228
3.529608,694,9.768860692
3.490172,695,9.787381872
3.491598,696,9.587532037
3.517413,697,9.066643188
3.507913,698,9.818489226
3.522203,699,9.295502787
3.487361,700,9.643235621
3.50384,701,9.252847418
3.503742,702,9.856053229
3.496643,703,9.044576734
3.505459,704,9.608806761
3.513835,705,9.853909475
3.560064,706,9.726652914
3.483864,707,9.991225285
3.528042,708,9.978451844
3.500969,709,9.465607643
3.492054,710,9.876285386
3.526983,711,9.199677501
3.5063,712,9.274360857
3.504479,713,9.692139898
3.537136,714,9.596147138
3.491286,715,9.21666672
3.499261,716,9.427244438
3.492393,717,9.867801963
3.526287,718,9.617276576
3.4972,719,9.053734529
3.505587,720,9.534057379
3.50622,721,9.67244349
3.491929,722,9.643261541
3.492595,723,9.144885893
3.501088,724,9.995856949
3.557423,725,9.047015586
3.509593,726,9.510157961
3.520734,727,9.488009396
3.510857,728,9.188864258
3.48895,729,9.495224992
3.497041,730,9.948936569
3.512056,731,9.801961909
3.550733,732,9.586915314
3.516092,733,9.948914864
3.512057,734,9.778329966
3.493108,735,9.158358951
3.484489,736,9.90647661
3.537164,737,9.173275901
3.490685,738,9.320303534
3.513862,739,9.903006287
3.52159,740,9.428100553
3.500046,741,9.792496372
3.46946,742,9.122754399
3.511471,743,9.233809814
3.490648,744,9.837974681
3.509724,745,9.343269793
3.528921,746,9.32297877
3.483914,747,9.50524181
3.501452,748,9.711194562
3.483253,749,9.383982534
3.545738,750,9.165403876
3.506625,751,9.093484206
3.508433,752,9.487758678
3.479966,753,9.934758067
3.476929,754,9.800932867
3.534482,755,9.842963291
3.50486,756,9.241970313
3.507605,757,9.865697534
3.517546,758,9.910386385
3.509082,759,9.435446618
3.533798,760,9.033628148
3.527026,761,9.109242243
3.5029,762,9.108321201
3.508814,763,9.42102872
3.559451,764,9.21524564
3.505319,765,9.49969204
3.512887,766,9.747198599
3.497355,767,9.663323564
3.499352,768,9.063979483
3.494849,769,9.594610937
3.517586,770,9.03627184
3.491616,771,9.932510906
3.49611,772,9.91692806
3.496796,773,9.321759169
3.504449,774,9.609622278
3.50216,775,9.267681692
3.487777,776,9.777896128
3.504205,777,9.180799727
3.493192,778,9.343489324
3.523875,779,9.407142327
3.51686,780,9.84006064
3.53818,781,9.996466125
3.492729,782,9.246499638
3.518758,783,9.042953102
3.546978,784,9.424522267
3.505131,785,9.582813525
3.51383,786,9.818687871
3.515364,787,9.125178593
3.487522,788,9.594074399
3.501086,789,9.773752945
3.477013,790,9.687046464
3.471971,791,9.550884728
3.559242,792,9.735531291
3.526443,793,9.89504454
3.503239,794,9.492063773
3.537565,795,9.718775745
3.521764,796,9.62283055
3.506825,797,9.564915824
3.512616,798,9.779148049
3.516927,799,9.569720199
3.540395,800,9.858514637
3.486143,801,9.82809836
3.513854,802,9.437173628
3.498822,803,9.773212484
3.516368,804,9.605825428
3.505012,805,9.403287996
3.55941,806,9.172582535
3.500945,807,9.753918217
3.494821,808,9.673913442
3.509759,809,9.474326312
3.530864,810,9.319166838
3.515392,811,9.113599371
3.490521,812,9.129196863
3.519554,813,9.751199513
3.496054,814,9.987723517
3.507194,815,9.83323976
3.488657,816,9.670604565
3.550344,817,9.941717146
3.498415,818,9.784502034
3.527469,819,9.350458125
3.540006,820,9.07766764
3.510508,821,9.1753519
3.485594,822,9.122478226
3.47914,823,9.26001661
3.511947,824,9.252474854
3.506253,825,9.76896724
3.529904,826,9.131147548
3.498718,827,9.905940906
3.51791,828,9.407447856
3.476187,829,9.490644045
3.534679,830,9.66020051
3.47302,831,9.055175329
3.513538,832,9.936322948
3.509231,833,9.347982829
3.508445,834,9.179180043
3.510499,835,9.503345651
3.530033,836,9.180251897
3.524375,837,9.165505956
3.501548,838,9.368374378
3.531483,839,9.295272879
3.512435,840,9.876366573
3.515844,841,9.555893774
3.510816,842,9.552731953
3.504183,843,9.603214162
3.493025,844,9.405325119
3.507502,845,9.724993785
3.490621,846,9.264984361
3.512978,847,9.446053147
3.50774,848,9.144336842
3.495235,849,9.058491772
3.480298,850,9.545141212
3.499842,851,9.262472427
3.497891,852,9.786935499
3.522932,853,9.330316881
3.487602,854,9.077215572
3.533147,855,9.234090648
3.535859,856,9.490886091
3.493322,857,9.316759463
3.512759,858,9.033174061
3.497925,859,9.567030934
3.493904,860,9.22372688
3.522903,861,9.700360813
3.492194,862,9.184973283
3.526126,863,9.270176798
3.483021,864,9.504557989
3.496079,865,9.226021911
3.489357,866,9.672389802
3.506604,867,9.404488327
3.482244,868,9.536793297
3.498161,869,9.08758552
3.512163,870,9.486986687
3.511363,871,9.663693121
3.511603,872,9.403232256
3.51117,873,9.151391486
3.506994,874,9.228917652
3.521029,875,9.939339724
3.50182,876,9.638669677
3.478648,877,9.465607819
3.479069,878,9.870188522
3.520828,879,9.230114863
3.502787,880,9.430849682
3.479137,881,9.876278536
3.519461,882,9.172735836
3.483488,883,9.678991136
3.468455,884,9.248475747
3.469276,885,9.986142863
3.504694,886,9.163632179
3.512836,887,9.188100822
3.521459,888,9.635973831
3.501327,889,9.426740687
3.523935,890,9.674545002
3.52271,891,9.29077716
3.477354,892,9.032567833
3.545069,893,9.849064087
3.525659,894,9.865010105
3.549643,895,9.201703548
3.506197,896,9.0356468
3.518998,897,9.317851612
3.494014,898,9.256170085
3.486237,899,9.734213257
3.486165,900,9.343247681
3.508018,901,9.350432862
3.495168,902,9.720650641
3.532048,903,9.13561824
3.492397,904,9.866971376
3.504852,905,9.557325939
3.487384,906,9.748227362
3.497836,907,9.079867435
3.512454,908,9.316976505
3.50815,909,9.231227885
3.494235,910,9.297772368
3.513051,911,9.899612096
3.486655,912,9.053842157
3.486835,913,9.306403723
3.488781,914,9.468592083
3.529606,915,9.261136618
3.507013,916,9.644272402
3.543936,917,9.256552055
3.516282,918,9.701507851
3.472046,919,9.46085322
3.534572,920,9.923159411
3.502145,921,9.984847006
3.522874,922,9.53798922
3.506785,923,9.297917506
3.513908,924,9.214058842
3.494882,925,9.026878741
3.51003,926,9.228793162
3.504048,927,9.41275855
3.492147,928,9.562052854
3.478767,929,9.505852133
3.520624,930,9.843202146
3.481187,931,9.872208222
3.508959,932,9.894942747
3.575001,933,9.11585652
3.538112,934,9.635674342
3.486547,935,9.739040741
3.491157,936,9.669075783
3.501315,937,9.833562349
3.488643,938,9.895444714
3.549436,939,9.938112486
3.511668,940,9.487698159
3.493047,941,9.329632114
3.496585,942,9.869342688
3.498997,943,9.648066172
3.54072,944,9.131726602
3.541747,945,9.663244722
3.507686,946,9.259913532
3.501132,947,9.127396602
3.508821,948,9.586573393
3.491607,949,9.114264034
3.498998,950,9.747994905
3.480886,951,9.309798682
3.468383,952,9.827349037
3.501838,953,9.60074375
3.483491,954,9.765558755
3.502588,955,9.965078055
3.52529,956,9.491519237
3.531021,957,9.952077696
3.503356,958,9.588194915
3.488925,959,9.230059985
3.505322,960,9.169700557
3.496721,961,9.042005048
3.515891,962,9.104020555
3.527158,963,9.311438952
3.518902,964,9.945151786
3.495107,965,9.604239875
3.495811,966,9.147356811
3.504161,967,9.782955479
3.549333,968,9.386579736
3.493668,969,9.393513115
3.517712,970,9.437986851
3.544429,971,9.305707375
3.518023,972,9.719279406
3.516618,973,9.927181193
3.50523,974,9.425112382
3.557639,975,9.630636093
3.515269,976,9.662338989
3.508101,977,9.596071188
3.539476,978,9.880916783
3.485999,979,9.620113553
3.519757,980,9.603342294
3.516743,981,9.201793366
3.523243,982,9.541736481
3.4959,983,9.868296505
3.515026,984,9.417804682
3.523096,985,9.090504294
3.484366,986,9.341977311
3.523101,987,9.698571372
3.517433,988,9.09154449
3.502672,989,9.326027677
3.509047,990,9.489629501
3.507484,991,9.34577063
3.488343,992,9.923560358
3.493784,993,9.446795368
3.494392,994,9.712677365
3.535367,995,9.347695118
3.528304,996,9.28390038
3.528732,997,9.662952467
3.511369,998,9.56116485
3.5183,999,9.85531514
3.516848,1000,9.588493163
3.518281,1001,9.922600542
3.54499,1002,9.449435662
3.505271,1003,9.08964162
3.492955,1004,9.948181457
3.5152,1005,9.240297071
3.489219,1006,9.6889333
3.513716,1007,9.910810905
3.51866,1008,9.55800075
3.49673,1009,9.234016212
3.559275,1010,9.042684483
3.499447,1011,9.893943244
3.487313,1012,9.035422659
3.54443,1013,9.881385074
3.500706,1014,9.952299918
3.503042,1015,9.378677701
3.55049,1016,9.982459589
3.511089,1017,9.169946289
3.536786,1018,9.485279565
3.50758,1019,9.544722576
3.493301,1020,9.341237083
3.504771,1021,9.021739064
3.530481,1022,9.213482433
3.485278,1023,9.113122269
3.50513,1024,9.897807363
3.477091,1025,9.797429511
3.497218,1026,9.916525004
3.514482,1027,9.804896939
3.499354,1028,9.704207354
3.504214,1029,9.470483669
3.49254,1030,9.715800977
3.487319,1031,9.146395906
3.474962,1032,9.93695466
3.504827,1033,9.440451752
3.537733,1034,9.032048293
3.528277,1035,9.930018816
3.526746,1036,9.563100177
3.544321,1037,9.871047772
3.514656,1038,9.533155735
3.482611,1039,9.324164353
3.501703,1040,9.306165333
3.499135,1041,9.545735139
3.522177,1042,9.391504269
3.54819,1043,9.155631438
3.506992,1044,9.88450567
3.535626,1045,9.866651644
3.502164,1046,9.957740199
3.517296,1047,9.657915134
3.519639,1048,9.051270787
3.517388,1049,9.724352188
3.517628,1050,9.244117178
3.528555,1051,9.464666301
3.502486,1052,9.293398312
3.52572,1053,9.50884026
3.514044,1054,9.988066049
3.516897,1055,9.168499945
3.511688,1056,9.926807813
3.503609,1057,9.891603372
3.500245,1058,9.243653829
3.488407,1059,9.155260165
3.517455,1060,9.947087635
3.488397,1061,9.938745984
3.499803,1062,9.33126865
3.54986,1063,9.739196847
3.51129,1064,9.897067783
3.505246,1065,9.468998069
3.521453,1066,9.752818392
3.54356,1067,9.487646041
3.515361,1068,9.18801822
3.487638,1069,9.861567037
3.476282,1070,9.39735647
3.495406,1071,9.067605215
3.514894,1072,9.497866979
3.500311,1073,9.290018774
3.48494,1074,9.205706853
3.51729,1075,9.859400904
3.511375,1076,9.223203543
3.501133,1077,9.034642706
3.543374,1078,9.688084488
3.52714,1079,9.213232203
3.516526,1080,9.332758013
3.528497,1081,9.774159257
3.488434,1082,9.377797077
3.49189,1083,9.969182641
3.480822,1084,9.095266425
3.481317,1085,9.410621933
3.553524,1086,9.966158636
3.489967,1087,9.406215964
3.505574,1088,9.40757469
3.494981,1089,9.87392636
3.525509,1090,9.583848939
3.50266,1091,9.12280905
3.514324,1092,9.021700429
3.536108,1093,9.801596078
3.510465,1094,9.237800217
3.472867,1095,9.813171847
3.503232,1096,9.286520066
3.487286,1097,9.804530081
3.490705,1098,9.862012994
3.523206,1099,9.006787324
3.50714,1100,9.350935009
3.495494,1101,9.940195005
3.478879,1102,9.996066761
3.520787,1103,9.890026333
3.516246,1104,9.869287147
3.517156,1105,9.814856835
3.514148,1106,9.121129806
3.54106,1107,9.249602801
3.532108,1108,9.59107332
3.513231,1109,9.454673108
3.477297,1110,9.646057533
3.514929,1111,9.396496088
3.510925,1112,9.067775613
3.564299,1113,9.017154615
3.530344,1114,9.136801545
3.481494,1115,9.190606898
3.509001,1116,9.164398461
3.510381,1117,9.877830314
3.53581,1118,9.214109771
3.514937,1119,9.723724428
3.523263,1120,9.93756444
3.492805,1121,9.351063561
3.501229,1122,9.067537024
3.513839,1123,9.243522159
3.524251,1124,9.08656253
3.475648,1125,9.107897512
3.497858,1126,9.411185838
3.497238,1127,9.600735769
3.504957,1128,9.608731676
3.514034,1129,9.725324084
3.522344,1130,9.910787481
3.48431,1131,9.381217552
3.52317,1132,9.631981995
3.498495,1133,9.072288498
3.489851,1134,9.796655829
3.505599,1135,9.339157545
3.495843,1136,9.941966968
3.542756,1137,9.353265413
3.533669,1138,9.283160004
3.532125,1139,9.339934595
3.508334,1140,9.694458159
3.509164,1141,9.005306635
3.529366,1142,9.092183371
3.529242,1143,9.2950018
3.511055,1144,9.545143307
3.521435,1145,9.620234518
3.492133,1146,9.213812658
3.496491,1147,9.934853187
3.486763,1148,9.351824334
3.531534,1149,9.810732962
3.482265,1150,9.542390882
3.572506,1151,9.222249287
3.524997,1152,9.722727731
3.529807,1153,9.066406902
3.549214,1154,9.982231171
3.500401,1155,9.865056348
3.526914,1156,9.592453179
3.51536,1157,9.437648473
3.519886,1158,9.470053941
3.496358,1159,9.881823767
3.492709,1160,9.35465822
3.501276,1161,9.237357902
3.534523,1162,9.061424751
3.525712,1163,9.984576505
3.506316,1164,9.48311084
3.500861,1165,9.289846992
3.511152,1166,9.664956931
3.487452,1167,9.726016521
3.548702,1168,9.093492252
3.509358,1169,9.861836289
3.473479,1170,9.053603285
3.495466,1171,9.601897474
3.530456,1172,9.580420583
3.495612,1173,9.379227672
3.512495,1174,9.817413577
3.538898,1175,9.838262315
3.515843,1176,9.923096027
3.524181,1177,9.689985422
3.505296,1178,9.529931394
3.488148,1179,9.0571664
3.519059,1180,9.554923609
3.512825,1181,9.541262623
3.511085,1182,9.565422059
3.487358,1183,9.331684381
3.508295,1184,9.437415188
3.522215,1185,9.167331838
3.501546,1186,9.193140625
3.489113,1187,9.790618373
3.523913,1188,9.115838112
3.517161,1189,9.122395561
3.505196,1190,9.228995687
3.528468,1191,9.452885535
3.492351,1192,9.942156176
3.505779,1193,9.80352171
3.51819,1194,9.981705933
3.502214,1195,9.34230064
3.519492,1196,9.8584742
3.490925,1197,9.786445924
3.522881,1198,9.204325098
3.505496,1199,9.537411353
3.489297,1200,9.641901639
3.525177,1201,9.74091037
3.517622,1202,9.504690226
3.49961,1203,9.993211101
3.491418,1204,9.169959985
3.500233,1205,9.58972168
3.527291,1206,9.279073305
3.512292,1207,9.967174905
3.522143,1208,9.244401912
3.530247,1209,9.115610126
3.513437,1210,9.330953549
3.529863,1211,9.06873388
3.484007,1212,9.859807181
3.505604,1213,9.048619654
3.509351,1214,9.350048861
3.504909,1215,9.089565089
3.522633,1216,9.282696938
3.501533,1217,9.870054854
3.516161,1218,9.118243581
3.484723,1219,9.522586628
3.524636,1220,9.076139126
3.528372,1221,9.308502023
3.519739,1222,9.969626008
3.512214,1223,9.530103863
3.50096,1224,9.157138062
3.561527,1225,9.022238304
3.512279,1226,9.791181354
3.479994,1227,9.835541432
3.494534,1228,9.305964942
3.505905,1229,9.039277584
3.516452,1230,9.579748
3.49982,1231,9.696879653
3.575835,1232,9.065668079
3.497691,1233,9.172017774
3.511999,1234,9.139892484
3.524589,1235,9.799937396
3.528209,1236,9.946112071
3.506189,1237,9.544414934
3.510913,1238,9.912059521
3.512777,1239,9.047356777
3.526993,1240,9.881740738
3.520136,1241,9.110727717
3.477221,1242,9.433920005
3.516285,1243,9.809417
3.536315,1244,9.925581887
3.532066,1245,9.970638319
3.527348,1246,9.016531711
3.500539,1247,9.922182707
3.562751,1248,9.65757155
3.542135,1249,9.985101932
3.485482,1250,9.103867377
3.49518,1251,9.449149484
3.502786,1252,9.249961008
3.489433,1253,9.232057974
3.510635,1254,9.007656351
3.517007,1255,9.206739191
3.496434,1256,9.168570709
3.525952,1257,9.105934286
3.49451,1258,9.444952218
3.521206,1259,9.617044659
3.525071,1260,9.233103494
3.485026,1261,9.144178369
3.549645,1262,9.502417432
3.490605,1263,9.954842506
3.502261,1264,9.032873517
3.514617,1265,9.095694858
3.502611,1266,9.101834546
3.481552,1267,9.933861172
3.513779,1268,9.499846138
3.507289,1269,9.066791014
3.49914,1270,9.501309881
3.504094,1271,9.193420304
3.49587,1272,9.777726019
3.526156,1273,9.973406072
3.502464,1274,9.744308585
3.49162,1275,9.354601653
3.470444,1276,9.711632305
3.487034,1277,9.099461442
3.526606,1278,9.554210223
3.50012,1279,9.936595411
3.496456,1280,9.435899204
3.515933,1281,9.351774317
3.507393,1282,9.189338485
3.475459,1283,9.357293887
3.555071,1284,9.875630099
3.494117,1285,9.62782292
3.568321,1286,9.846452713
3.54004,1287,9.358783847
3.481641,1288,9.404738418
3.520399,1289,9.23930232
3.504845,1290,9.79872916
3.525884,1291,9.507874528
3.509461,1292,9.393398731
3.505594,1293,9.553608388
3.525548,1294,9.519711403
3.511497,1295,9.988071354
3.529773,1296,9.638194044
3.520837,1297,9.090050101
3.501601,1298,9.85041959
3.476325,1299,9.409231702
3.51688,1300,9.144828814
3.494939,1301,9.386714416
3.508065,1302,9.178106818
3.507509,1303,9.024188964
3.521807,1304,9.416461237
3.500665,1305,9.740972688
3.486946,1306,9.832433281
3.525101,1307,9.990333213
3.489984,1308,9.863953977
3.533657,1309,9.401257864
3.52661,1310,9.320062831
3.499685,1311,9.706047193
3.578483,1312,9.549412293
3.532312,1313,9.939116048
3.503232,1314,9.604944267
3.510249,1315,9.137942423
3.489776,1316,9.297050557
3.529623,1317,9.498290642
3.502169,1318,9.753909241
3.505409,1319,9.688072057
3.494473,1320,9.295056076
3.506069,1321,9.990031331
3.52642,1322,9.798644232
3.536781,1323,9.766003916
3.493687,1324,9.201615103
3.488568,1325,9.868005179
3.542152,1326,9.725430606
3.517885,1327,9.414658708
3.505794,1328,9.367451402
3.505151,1329,9.594286774
3.506015,1330,9.35687954
3.517527,1331,9.89568533
3.492898,1332,9.321316637
3.502212,1333,9.283461675
3.521607,1334,9.193955112
3.531106,1335,9.285125459
3.52485,1336,9.788472131
3.50951,1337,9.376127189
3.497639,1338,9.924990979
3.522958,1339,9.768465228
3.493206,1340,9.117010544
3.54028,1341,9.022559461
3.529356,1342,9.874366377
3.493734,1343,9.030555271
3.486282,1344,9.906355756
3.524505,1345,9.174552895
3.507449,1346,9.713210843
3.491565,1347,9.684968928
3.503108,1348,9.697858388
3.535061,1349,9.493702492
3.502778,1350,9.604777784
3.487963,1351,9.207224031
3.505968,1352,9.183359172
3.487982,1353,9.59558577
3.52898,1354,9.741802711
3.497153,1355,9.540765813
3.539335,1356,9.797392472
3.491694,1357,9.023601858
3.505138,1358,9.203351927
3.515167,1359,9.065135422
3.530147,1360,9.239853822
3.508859,1361,9.81932595
3.521579,1362,9.362349952
3.534304,1363,9.595004875
3.515209,1364,9.54576113
3.51542,1365,9.614719203
3.519133,1366,9.294621526
3.48877,1367,9.784064649
3.496201,1368,9.360495997
3.493738,1369,9.137446072
3.487025,1370,9.985325164
3.494915,1371,9.905225266
3.523891,1372,9.986965701
3.496777,1373,9.720822595
3.503684,1374,9.858425143
3.517441,1375,9.019110805
3.504274,1376,9.810137724
3.505257,1377,9.384493767
3.536283,1378,9.652055752
3.485514,1379,9.32810843
3.498163,1380,9.457496475
3.531346,1381,9.453934472
3.51103,1382,9.623710249
3.565168,1383,9.885350028
3.491385,1384,9.539757168
3.545441,1385,9.419120414
3.522145,1386,9.317668329
3.502237,1387,9.192745099
3.509542,1388,9.275117196
3.495842,1389,9.583182845
3.528836,1390,9.20842988
3.522389,1391,9.253369128
3.503602,1392,9.518476797
3.507701,1393,9.768175064
3.527528,1394,9.211806681
3.50193,1395,9.530271211
3.538193,1396,9.150617934
3.507371,1397,9.407910362
3.496022,1398,9.263004698
3.497553,1399,9.132961524
3.501339,1400,9.352771943
3.493921,1401,9.297124339
3.524036,1402,9.233232105
3.515951,1403,9.512824472
3.508264,1404,9.094066165
3.492969,1405,9.27791297
3.511053,1406,9.488431446
3.531851,1407,9.794632243
3.534534,1408,9.256787916
3.526489,1409,9.219589541
3.535578,1410,9.03030749
3.484906,1411,9.19864868
3.507866,1412,9.126734878
3.49968,1413,9.283252914
3.541494,1414,9.105231552
3.516478,1415,9.859566433
3.532987,1416,9.436075341
3.524666,1417,9.965309623
3.52203,1418,9.376433914
3.508323,1419,9.828179463
3.545263,1420,9.605206631
3.494106,1421,9.882626863
3.516312,1422,9.075106646
3.507079,1423,9.242539843
3.494496,1424,9.85623215
3.501878,1425,9.380343083
3.533843,1426,9.053637931
3.511477,1427,9.923921112
3.548726,1428,9.256850607
3.492703,1429,9.168678455
3.490183,1430,9.638436149
3.52578,1431,9.82253036
3.482719,1432,9.493152379
3.503572,1433,9.561566259
3.491495,1434,9.108651812
3.502468,1435,9.208641175
3.510207,1436,9.704270353
3.515272,1437,9.366601686
3.527749,1438,9.329324822
3.486454,1439,9.482122666
3.528872,1440,9.792018733
3.485534,1441,9.631661326
3.51334,1442,9.383468549
3.505102,1443,9.053017377
3.516537,1444,9.722233298
3.518092,1445,9.026182985
3.49878,1446,9.195318595
3.47926,1447,9.053017115
3.510963,1448,9.654530776
3.517341,1449,9.169120103
3.508144,1450,9.126036531
3.508396,1451,9.735066614
3.544242,1452,9.918031325
3.481196,1453,9.140918348
3.501226,1454,9.150436533
3.538167,1455,9.567082598
3.502579,1456,9.817044336
3.493238,1457,9.572475039
3.509798,1458,9.653330511
3.518159,1459,9.657519445
3.508655,1460,9.908489817
3.485335,1461,9.317638527
3.50167,1462,9.824787918
3.495285,1463,9.271871906
3.534621,1464,9.549923442
3.487576,1465,9.611714538
3.483362,1466,9.924454258
3.529145,1467,9.639407624
3.507957,1468,9.749533537
3.531889,1469,9.156054419
3.518465,1470,9.403329883
3.483531,1471,9.219558469
3.524156,1472,9.247857054
3.491344,1473,9.72450141
3.50875,1474,9.68699947
3.482156,1475,9.763265343
3.499822,1476,9.802971487
3.540286,1477,9.804417421
3.502915,1478,9.554788637
3.506109,1479,9.34442774
3.507196,1480,9.845207216
3.510815,1481,9.942732746
3.506299,1482,9.385288036
3.51719,1483,9.249386481
3.522419,1484,9.300105382
3.524276,1485,9.338515572
3.520607,1486,9.957071566
3.492661,1487,9.185328381
3.497212,1488,9.670772492
3.508984,1489,9.329269729
3.561699,1490,9.160857582
3.509333,1491,9.469281628
3.516269,1492,9.858863035
3.486021,1493,9.010588141
3.524049,1494,9.166889682
3.491137,1495,9.345889135
3.535285,1496,9.783127218
3.502086,1497,9.757385654
3.492449,1498,9.611805691
3.53784,1499,9.070929772
3.500345,1500,9.963693567
3.487001,1501,9.247570966
3.500459,1502,9.526627187
3.521502,1503,9.985520239
3.503857,1504,9.440709815
3.510722,1505,9.444996331
3.521717,1506,9.605427773
3.503213,1507,9.473276289
3.536713,1508,9.71355047
3.523821,1509,9.47653222
3.52261,1510,9.706022555
3.508511,1511,9.069420041
3.479918,1512,9.942105506
3.498763,1513,9.539137006
3.505659,1514,9.023955253
3.511031,1515,9.190216703
3.518379,1516,9.718539947
3.515968,1517,9.631475723
3.517259,1518,9.703592283
3.53235,1519,9.203585894
3.493407,1520,9.125813032
3.52179,1521,9.210501834
3.53499,1522,9.535638686
3.529537,1523,9.048918118
3.517724,1524,9.601495044
3.534921,1525,9.040242939
3.479214,1526,9.268656677
3.485391,1527,9.706448296
3.481068,1528,9.07448994
3.50603,1529,9.675187474
3.505723,1530,9.386423277
3.499954,1531,9.924344921
3.513092,1532,9.854827584
3.520942,1533,9.137814822
3.527103,1534,9.731555572
3.510929,1535,9.729852655
3.513881,1536,9.084098209
3.494158,1537,9.963063457
3.528949,1538,9.373719067
3.503026,1539,9.956668618
3.521511,1540,9.458893213
3.51451,1541,9.258775993
3.524959,1542,9.733432905
3.497262,1543,9.617827218
3.530309,1544,9.148939028
3.495644,1545,9.398422744
3.469353,1546,9.412593014
3.514408,1547,9.655290184
3.507136,1548,9.632212265
3.493632,1549,9.118051339
3.523379,1550,9.838088004
3.498534,1551,9.425074592
3.525417,1552,9.2746806
3.5378,1553,9.077626822
3.48829,1554,9.319613921
3.498047,1555,9.348964936
3.524555,1556,9.756732086
3.510807,1557,9.652004448
3.515846,1558,9.27373152
3.496095,1559,9.648768487
3.501779,1560,9.83112621
3.507538,1561,9.090560841
3.497838,1562,9.689070771
3.514719,1563,9.860308061
3.509613,1564,9.649261713
3.528117,1565,9.60039723
3.543046,1566,9.211464419
3.521132,1567,9.872529862
3.516194,1568,9.729082021
3.523187,1569,9.148098351
3.506366,1570,9.816667997
3.559466,1571,9.255360079
3.49323,1572,9.029338799
3.517226,1573,9.703058501
3.477247,1574,9.595846705
3.486928,1575,9.374939282
3.507483,1576,9.141990895
3.496355,1577,9.527378407
3.536289,1578,9.091453336
3.526406,1579,9.111311918
3.497128,1580,9.084531098
3.502344,1581,9.826462047
3.493799,1582,9.695469284
3.566788,1583,9.122533954
3.500132,1584,9.243226073
3.508798,1585,9.936647593
3.492219,1586,9.058142985
3.551449,1587,9.522006914
3.545226,1588,9.876214606
3.468121,1589,9.463045196
3.500899,1590,9.007442631
3.520414,1591,9.573207217
3.483379,1592,9.361808154
3.50979,1593,9.872006901
3.491423,1594,9.027022061
3.476961,1595,9.986723911
3.483336,1596,9.731349991
3.483383,1597,9.074999813
3.490299,1598,9.213535584
3.461544,1599,9.632505969
3.500714,1600,9.846266541
3.475552,1601,9.226406982
3.479223,1602,9.616405992
3.489427,1603,9.525198147
3.481682,1604,9.12454974
3.473786,1605,9.958980549
3.499548,1606,9.97622252
3.496328,1607,9.724216593
3.468638,1608,9.269935932
3.472647,1609,9.697156423
3.482764,1610,9.293935409
3.492407,1611,9.202221871
3.478558,1612,9.692216412
3.493301,1613,9.654155754
3.502777,1614,9.58506931
3.487097,1615,9.213909144
3.484982,1616,9.781571694
3.465986,1617,9.802408917
3.467674,1618,9.076195155
3.488939,1619,9.008423454
3.46884,1620,9.950504234
3.492609,1621,9.025856062
3.527241,1622,9.968746264
3.471143,1623,9.034716801
3.474759,1624,9.764148387
3.465276,1625,9.388743756
3.491447,1626,9.892749536
3.483749,1627,9.802504824
3.482192,1628,9.340052198
3.486515,1629,9.492090792
3.451069,1630,9.187200375
3.471889,1631,9.809639367
3.521255,1632,9.883938465
3.48148,1633,9.255295611
3.479232,1634,9.02956092
3.513699,1635,9.629764325
3.488478,1636,9.407462767
3.502118,1637,9.820094581
3.470412,1638,9.490960019
3.510253,1639,9.26182673
3.481368,1640,9.082466333
3.480618,1641,9.286283598
3.485244,1642,9.115263816
3.478511,1643,9.298405588
3.487549,1644,9.582312785
3.497304,1645,9.982537172
3.505287,1646,9.639159986
3.491452,1647,9.562557354
3.472552,1648,9.405169618
3.506391,1649,9.137948546
3.48439,1650,9.77360419
3.50059,1651,9.350277612
3.4619,1652,9.080494758
3.485385,1653,9.345381104
3.471317,1654,9.234241249
3.499857,1655,9.262319883
3.497574,1656,9.051912384
3.485272,1657,9.976243644
3.489526,1658,9.827473143
3.479147,1659,9.688906649
3.483788,1660,9.959217074
3.486123,1661,9.297501655
3.48315,1662,9.717504015
3.4848,1663,9.829341095
3.468813,1664,9.233637399
3.493175,1665,9.149405399
3.495815,1666,9.324769848
3.467912,1667,9.122416515
3.480049,1668,9.65241922
3.479763,1669,9.714990681
3.485425,1670,9.580497023
3.473724,1671,9.00949202
3.480761,1672,9.531959575
3.488573,1673,9.298164262
3.471988,1674,9.457361802
3.471394,1675,9.615457893
3.476694,1676,9.531573477
3.479884,1677,9.210683766
3.452514,1678,9.560247348
3.48017,1679,9.141511595
3.499866,1680,9.7243183
3.493372,1681,9.325974618
3.488241,1682,9.508167847
3.48173,1683,9.400212611
3.483567,1684,9.677083521
3.489826,1685,9.038266183
3.456218,1686,9.158860687
3.500876,1687,9.8893839
3.484739,1688,9.730909191
3.478717,1689,9.73506097
3.482807,1690,9.923152255
3.471867,1691,9.062371422
3.50391,1692,9.61128497
3.496454,1693,9.770292242
3.485717,1694,9.369555151
3.507021,1695,9.776353387
3.475211,1696,9.161574063
3.484588,1697,9.69316546
3.497622,1698,9.372503036
3.490183,1699,9.32133907
3.483672,1700,9.315161311
3.469627,1701,9.589780243
3.485751,1702,9.560306512
3.482969,1703,9.791548521
3.485628,1704,9.83901703
3.478235,1705,9.480925481
3.495806,1706,9.410355881
3.501542,1707,9.57082085
3.499645,1708,9.238311172
3.492388,1709,9.602758602
3.488642,1710,9.658346972
3.480102,1711,9.725498805
3.489057,1712,9.308214388
3.470368,1713,9.308153722
3.504164,1714,9.865643973
3.495121,1715,9.949784896
3.475552,1716,9.180395441
3.488822,1717,9.665275017
3.483955,1718,9.410762415
3.466675,1719,9.375488316
3.478462,1720,9.262100593
3.501225,1721,9.101501564
3.487115,1722,9.301633403
3.493895,1723,9.879538388
3.491988,1724,9.477580662
3.46654,1725,9.20538893
3.491619,1726,9.066575374
3.490604,1727,9.235005086
3.515202,1728,9.215515575
3.462368,1729,9.030490932
3.458051,1730,9.148946115
3.469395,1731,9.186164613
3.495803,1732,9.76629547
3.498502,1733,9.245574563
3.488309,1734,9.275139689
3.491628,1735,9.511682208
3.516801,1736,9.03397101
3.477787,1737,9.913703286
3.458028,1738,9.94539273
3.495771,1739,9.908864551
3.479702,1740,9.827659771
3.473261,1741,9.336487037
3.487431,1742,9.608257827
3.499533,1743,9.978365961
3.495465,1744,9.504588864
3.476855,1745,9.587172951
3.4716,1746,9.132402516
3.501478,1747,9.064309398
3.467031,1748,9.567531893
3.486155,1749,9.037410082
3.489431,1750,9.823292397
3.472157,1751,9.330495898
3.470546,1752,9.624919237
3.474001,1753,9.514274975
3.489468,1754,9.114154854
3.481798,1755,9.682559936
3.494563,1756,9.536819307
3.48904,1757,9.497832003
3.479161,1758,9.762561582
3.519589,1759,9.847677163
3.490006,1760,9.047928453
3.463876,1761,9.856723127
3.497001,1762,9.088043613
3.492172,1763,9.989277298
3.483874,1764,9.039514276
3.504025,1765,9.994152786
3.481904,1766,9.871984049
3.46437,1767,9.59825716
3.487725,1768,9.408497164
3.484648,1769,9.22483344
3.500882,1770,9.564658517
3.493478,1771,9.864768284
3.489472,1772,9.086898953
3.489795,1773,9.598166194
3.486218,1774,9.567137507
3.50044,1775,9.533117091
3.50826,1776,9.912973071
3.479665,1777,9.364557574
3.463735,1778,9.19610332
3.477293,1779,9.226020303
3.489974,1780,9.676604935
3.494889,1781,9.852940065
3.486888,1782,9.572860852
3.474533,1783,9.82715098
3.48474,1784,9.166866721
3.477653,1785,9.897752585
3.489286,1786,9.326831102
3.485945,1787,9.806578744
3.466137,1788,9.744548995
3.496928,1789,9.747285316
3.473763,1790,9.572020624
3.471421,1791,9.224025754
3.483275,1792,9.001608476
3.482912,1793,9.750242841
3.51477,1794,9.031942141
3.481425,1795,9.99752592
3.494838,1796,9.160254814
3.482586,1797,9.77575025
3.485602,1798,9.389519677
3.486867,1799,9.530843803
3.455906,1800,9.173002948
3.460248,1801,9.417829315
3.4817,1802,9.018370227
3.496063,1803,9.116229696
3.484306,1804,9.660608516
3.463224,1805,9.516740839
3.494062,1806,9.403187669
3.485239,1807,9.543937606
3.498348,1808,9.157258484
3.484876,1809,9.004100714
3.479843,1810,9.094397541
3.48743,1811,9.850384077
3.475731,1812,9.363639719
3.492671,1813,9.560898151
3.498624,1814,9.155987513
3.475268,1815,9.992672773
3.504816,1816,9.525017681
3.483273,1817,9.649291639
3.473332,1818,9.148900616
3.512839,1819,9.004125223
3.505071,1820,9.474028834
3.474466,1821,9.515621311
3.443605,1822,9.131389649
3.464003,1823,9.88567605
3.490803,1824,9.784727782
3.48882,1825,9.693679294
3.507865,1826,9.478820311
3.457885,1827,9.082849271
3.48246,1828,9.237860285
3.480621,1829,9.933309733
3.489579,1830,9.175007072
3.481298,1831,9.426600651
3.485948,1832,9.224520706
3.465333,1833,9.402914863
3.476755,1834,9.631717698
3.484128,1835,9.720514355
3.479736,1836,9.064447244
3.485273,1837,9.783916459
3.495531,1838,9.130185632
3.465271,1839,9.499868624
3.50082,1840,9.770476501
3.485625,1841,9.010459547
3.509157,1842,9.553379039
3.509184,1843,9.943565995
3.460171,1844,9.788889191
3.525329,1845,9.95409135
3.500372,1846,9.989266304
3.499946,1847,9.418107666
3.458519,1848,9.691589956
3.47912,1849,9.317796999
3.478854,1850,9.313304298
3.516568,1851,9.225354849
3.52501,1852,9.831400082
3.498268,1853,9.717913707
3.475084,1854,9.942806264
3.479857,1855,9.184679043
3.48052,1856,9.056409809
3.502432,1857,9.526605223
3.477049,1858,9.931766854
3.484113,1859,9.61076098
3.505144,1860,9.00424208
3.456411,1861,9.00203675
3.474118,1862,9.968070059
3.507905,1863,9.468788581
3.46282,1864,9.272772379
3.459912,1865,9.38570857
3.497819,1866,9.314875848
3.493058,1867,9.200978363
3.491864,1868,9.423115429
3.478661,1869,9.048498746
3.484414,1870,9.860295875
3.51249,1871,9.229437204
3.480997,1872,9.262355025
3.474315,1873,9.157609774
3.489381,1874,9.466795282
3.489816,1875,9.729376588
3.472711,1876,9.021438588
3.498561,1877,9.704103371
3.471911,1878,9.272990528
3.493224,1879,9.805947546
3.488397,1880,9.922616673
3.511229,1881,9.521304625
3.466961,1882,9.871867657
3.475543,1883,9.873040828
3.473378,1884,9.559725018
3.461763,1885,9.132321574
3.447266,1886,9.28913467
3.50192,1887,9.581337948
3.454703,1888,9.692798235
3.491857,1889,9.715132459
3.498605,1890,9.22463873
3.482943,1891,9.535129873
3.48653,1892,9.419372841
3.490795,1893,9.034864244
3.46633,1894,9.79382368
3.449429,1895,9.405159363
3.518372,1896,9.355894103
3.4681,1897,9.952617782
3.507741,1898,9.443297893
3.49402,1899,9.946381621
3.475652,1900,9.102879419
3.48404,1901,9.407887277
3.478091,1902,9.294671081
3.463009,1903,9.145459517
3.498907,1904,9.793211634
3.481584,1905,9.887729459
3.479842,1906,9.132679512
3.498672,1907,9.864262127
3.474565,1908,9.541484759
3.501846,1909,9.508868822
3.475989,1910,9.562727417
3.465106,1911,9.210458685
3.476525,1912,9.269528459
3.475818,1913,9.527358626
3.47936,1914,9.114439844
3.481735,1915,9.730156879
3.479595,1916,9.205783794
3.487259,1917,9.142411504
3.519679,1918,9.275163941
3.489414,1919,9.250446207
3.497919,1920,9.293331212
3.497423,1921,9.457822666
3.481715,1922,9.736597424
3.474535,1923,9.764636081
3.492069,1924,9.886839056
3.465402,1925,9.777531967
3.486893,1926,9.360095129
3.487448,1927,9.584071331
3.482204,1928,9.875764142
3.48508,1929,9.121865124
3.475719,1930,9.424397072
3.485388,1931,9.225984164
3.474341,1932,9.887042559
3.498911,1933,9.132721194
3.493543,1934,9.039316269
3.482814,1935,9.645061542
3.499228,1936,9.511622709
3.502626,1937,9.035359129
3.492356,1938,9.801325345
3.500495,1939,9.951536131
3.485146,1940,9.758679307
3.508288,1941,9.669516042
3.488111,1942,9.282420409
3.500161,1943,9.376650262
3.467265,1944,9.852604012
3.465574,1945,9.780219454
3.4816,1946,9.909864487
3.477534,1947,9.59638837
3.471113,1948,9.07411627
3.475661,1949,9.334967505
3.486879,1950,9.934469245
3.497262,1951,9.579309745
3.501006,1952,9.961038484
3.507469,1953,9.594416348
3.469456,1954,9.417714235
3.482598,1955,9.749930888
3.514045,1956,9.581723386
3.499158,1957,9.068802057
3.457116,1958,9.223020797
3.484197,1959,9.85739057
3.508737,1960,9.228246951
3.479643,1961,9.791689897
3.458491,1962,9.137631799
3.473774,1963,9.912488659
3.511676,1964,9.028143282
3.487986,1965,9.563553633
3.487358,1966,9.285312245
3.472396,1967,9.314100112
3.46956,1968,9.648804241
3.499344,1969,9.167263339
3.512097,1970,9.515638312
3.477989,1971,9.770348109
3.490251,1972,9.368087243
3.447453,1973,9.740902646
3.488489,1974,9.277762792
3.484015,1975,9.538653509
3.493629,1976,9.060279444
3.471513,1977,9.90196408
3.51423,1978,9.128712938
3.461033,1979,9.871222102
3.486363,1980,9.647343842
3.481162,1981,9.773660597
3.48626,1982,9.315329004
3.466514,1983,9.443215085
3.499074,1984,9.58915206
3.498905,1985,9.910019796
3.469748,1986,9.894390474
3.50037,1987,9.716106453
3.489842,1988,9.732461018
3.486984,1989,9.770432837
3.490211,1990,9.346478178
3.496354,1991,9.463423723
3.456767,1992,9.902497223
3.473381,1993,9.396579539
3.47675,1994,9.833421869
3.481845,1995,9.78926669
3.499411,1996,9.047681959
3.466019,1997,9.682517285
3.489516,1998,9.731364905
3.476637,1999,9.746836543
